name,type,delay(ms),speed(bps),ip,country,isp
"ğŸ‡­ğŸ‡° é¦™æ¸¯_1","ss","151","-1","156.231.111.58","HK","Octopus Web Solution"
"ğŸ‡­ğŸ‡° é¦™æ¸¯_2","ss","151","-1","50.114.154.117","HK","Hytron Network Services"
"ğŸ‡­ğŸ‡° é¦™æ¸¯_3","ss","154","-1","50.114.154.105","HK","Hytron Network Services"
"ğŸ‡­ğŸ‡° é¦™æ¸¯_4","ss","154","-1","50.114.154.105","HK","Hytron Network Services"
"ğŸ‡­ğŸ‡° é¦™æ¸¯_5","ss","155","-1","50.114.154.107","HK","Hytron Network Services"
"ğŸ‡­ğŸ‡° é¦™æ¸¯_6","ss","156","-1","50.114.154.112","HK","Hytron Network Services"
"ğŸ‡­ğŸ‡° é¦™æ¸¯_7","ss","158","-1","50.114.154.105","HK","Hytron Network Services"
"ğŸ‡­ğŸ‡° é¦™æ¸¯_8","ss","158","-1","50.114.154.105","HK","Hytron Network Services"
"ğŸ‡­ğŸ‡° é¦™æ¸¯_9","ss","159","-1","156.231.111.66","HK","Octopus Web Solution"
"ğŸ‡­ğŸ‡° é¦™æ¸¯_10","ss","161","-1","50.114.154.112","HK","Hytron Network Services"
"ğŸ‡­ğŸ‡° é¦™æ¸¯_11","ss","161","-1","50.114.154.107","HK","Hytron Network Services"
"ğŸ‡­ğŸ‡° é¦™æ¸¯_12","ss","161","-1","156.231.111.59","HK","Octopus Web Solution"
"ğŸ‡­ğŸ‡° é¦™æ¸¯_13","ss","162","-1","50.114.154.112","HK","Hytron Network Services"
"ğŸ‡­ğŸ‡° é¦™æ¸¯_14","ss","164","-1","156.231.111.53","HK","Octopus Web Solution"
"ğŸ‡­ğŸ‡° é¦™æ¸¯_15","ss","164","-1","50.114.154.112","HK","Hytron Network Services"
"ğŸ‡­ğŸ‡° é¦™æ¸¯_16","ss","165","-1","156.231.111.55","HK","Octopus Web Solution"
"ğŸ‡­ğŸ‡° é¦™æ¸¯_17","ss","166","-1","156.231.111.65","HK","Octopus Web Solution"
"ğŸ‡­ğŸ‡° é¦™æ¸¯_18","ss","170","-1","156.231.111.56","HK","Octopus Web Solution"
"ğŸ‡­ğŸ‡° é¦™æ¸¯_19","ss","170","-1","50.114.154.112","HK","Hytron Network Services"
"ğŸ‡­ğŸ‡° é¦™æ¸¯_20","ss","175","-1","156.231.111.51","HK","Octopus Web Solution"
"ğŸ‡­ğŸ‡° é¦™æ¸¯_21","ss","190","-1","156.231.111.57","HK","Octopus Web Solution"
"ğŸ‡¯ğŸ‡µ æ—¥æœ¬_1","ss","208","-1","3.112.174.89","JP","Amazon.com"
"ğŸ‡¯ğŸ‡µ æ—¥æœ¬_2","ss","209","-1","43.207.81.209","JP","Amazon.com"
"ğŸ‡¯ğŸ‡µ æ—¥æœ¬_3","ssr","214","-1","13.231.74.65","JP","Amazon.com"
"ğŸ‡¯ğŸ‡µ æ—¥æœ¬_4","ss","216","-1","52.196.152.62","JP","Amazon.com"
"ğŸ‡¯ğŸ‡µ æ—¥æœ¬_5","ss","217","-1","54.199.34.196","JP","Amazon.com"
"â“ æœªçŸ¥_1","ss","220","-1","","UNKNOWN",""
"ğŸ‡¹ğŸ‡¼ å°æ¹¾_1","ss","220","-1","111.243.109.44","TW","Chunghwa Telecom"
"ğŸ‡­ğŸ‡° é¦™æ¸¯_22","ss","225","-1","156.231.111.52","HK","Octopus Web Solution"
"ğŸ‡­ğŸ‡° é¦™æ¸¯_23","ss","229","-1","156.231.111.49","HK","Octopus Web Solution"
"ğŸ‡¹ğŸ‡¼ å°æ¹¾_2","ss","234","-1","111.243.109.44","TW","Chunghwa Telecom"
"â“ æœªçŸ¥_2","ss","235","-1","","UNKNOWN",""
"ğŸ‡¸ğŸ‡¬ æ–°åŠ å¡_1","ss","250","-1","213.35.124.53","SG","Oracle Cloud"
"ğŸ‡¸ğŸ‡¬ æ–°åŠ å¡_2","ss","254","-1","165.232.170.42","SG","Digital Ocean"
"ğŸ‡¸ğŸ‡¬ æ–°åŠ å¡_3","ss","258","-1","157.245.57.211","SG","Digital Ocean"
"ğŸ‡¸ğŸ‡¬ æ–°åŠ å¡_4","ss","259","-1","129.150.62.153","SG","Oracle Cloud"
"ğŸ‡¯ğŸ‡µ æ—¥æœ¬_6","ss","265","-1","52.195.210.20","JP","Amazon.com"
"ğŸ‡¸ğŸ‡¬ æ–°åŠ å¡_5","ss","274","-1","152.42.235.6","SG","Digital Ocean"
"ğŸ‡¯ğŸ‡µ æ—¥æœ¬_7","vless","314","-1","141.147.163.68","JP","Oracle Cloud"
"ğŸ‡¸ğŸ‡¬ æ–°åŠ å¡_6","ss","318","-1","158.178.232.32","SG","Oracle Cloud"
"ğŸ‡¯ğŸ‡µ æ—¥æœ¬_8","ss","330","-1","168.138.204.80","JP","Oracle Cloud"
"ğŸ‡ºğŸ‡¸ ç¾å›½_1","hysteria2","332","-1","104.28.195.187","Cloudflare","Cloudflare Warp"
"ğŸ‡¯ğŸ‡µ æ—¥æœ¬_9","ss","336","-1","150.230.63.100","JP","Oracle Cloud"
"ğŸ‡¯ğŸ‡µ æ—¥æœ¬_10","ss","349","-1","52.193.184.18","JP","Amazon.com"
"ğŸ‡¸ğŸ‡¬ æ–°åŠ å¡_7","ss","357","-1","18.141.184.102","SG","Amazon.com"
"ğŸ‡¯ğŸ‡µ æ—¥æœ¬_11","ss","358","-1","172.233.93.57","JP","Akamai Connected Cloud"
"ğŸ‡¯ğŸ‡µ æ—¥æœ¬_12","ss","359","-1","168.138.42.208","JP","Oracle Cloud"
"ğŸ‡¯ğŸ‡µ æ—¥æœ¬_13","ss","361","-1","172.233.93.105","JP","Akamai Connected Cloud"
"ğŸ‡¯ğŸ‡µ æ—¥æœ¬_14","ss","362","-1","172.233.93.101","JP","Akamai Connected Cloud"
"ğŸ‡¯ğŸ‡µ æ—¥æœ¬_15","ss","366","-1","172.233.93.157","JP","Akamai Connected Cloud"
"ğŸ‡¯ğŸ‡µ æ—¥æœ¬_16","ss","366","-1","172.233.93.144","JP","Akamai Connected Cloud"
"ğŸ‡ºğŸ‡¸ ç¾å›½_2","hysteria2","369","-1","23.105.202.103","US","IT7 Networks"
"ğŸ‡¯ğŸ‡µ æ—¥æœ¬_17","ss","369","-1","172.233.93.81","JP","Akamai Connected Cloud"
"ğŸ‡¯ğŸ‡µ æ—¥æœ¬_18","ss","371","-1","172.233.93.192","JP","Akamai Connected Cloud"
"ğŸ‡¯ğŸ‡µ æ—¥æœ¬_19","ss","371","-1","172.233.93.105","JP","Akamai Connected Cloud"
"ğŸ‡¯ğŸ‡µ æ—¥æœ¬_20","ss","375","-1","43.207.114.248","JP","Amazon.com"
"â“ æœªçŸ¥_3","trojan","375","-1","","UNKNOWN",""
"ğŸ‡¯ğŸ‡µ æ—¥æœ¬_21","ss","376","-1","172.233.93.101","JP","Akamai Connected Cloud"
"ğŸ‡¯ğŸ‡µ æ—¥æœ¬_22","ss","388","-1","172.233.93.157","JP","Akamai Connected Cloud"
"ğŸ‡°ğŸ‡· éŸ©å›½_1","ss","397","-1","152.70.247.36","KR","Oracle Cloud"
"ğŸ‡°ğŸ‡· éŸ©å›½_2","ss","399","-1","132.226.20.150","KR","Oracle Cloud"
"ğŸ‡°ğŸ‡· éŸ©å›½_3","ss","399","-1","132.226.225.109","KR","Oracle Cloud"
"ğŸ‡°ğŸ‡· éŸ©å›½_4","ss","400","-1","152.70.251.91","KR","Oracle Cloud"
"ğŸ‡µğŸ‡­ è²å¾‹å®¾","ss","403","-1","38.54.37.131","PH","Kaopu Cloud HK"
"ğŸ‡­ğŸ‡° é¦™æ¸¯_24","trojan","408","-1","119.237.242.147","HK","Netvigator"
"ğŸ‡°ğŸ‡· éŸ©å›½_5","ss","409","-1","146.56.106.73","KR","Oracle Cloud"
"ğŸ‡°ğŸ‡· éŸ©å›½_6","ss","412","-1","150.230.249.143","KR","Oracle Cloud"
"ğŸ‡¯ğŸ‡µ æ—¥æœ¬_23","ss","420","-1","172.233.93.57","JP","Akamai Connected Cloud"
"ğŸ‡¹ğŸ‡¼ å°æ¹¾_3","ss","425","-1","1.168.164.236","TW","Chunghwa Telecom"
"ğŸ‡°ğŸ‡· éŸ©å›½_7","ss","427","-1","144.24.73.129","KR","Oracle Cloud"
"ğŸ‡ºğŸ‡¸ ç¾å›½_3","tuic","431","-1","23.105.202.103","US","IT7 Networks"
"ğŸ‡°ğŸ‡· éŸ©å›½_8","ss","433","-1","152.67.217.146","KR","Oracle Cloud"
"ğŸ‡°ğŸ‡· éŸ©å›½_9","ss","445","-1","152.69.228.49","KR","Oracle Cloud"
"ğŸ‡°ğŸ‡· éŸ©å›½_10","ss","448","-1","152.67.203.59","KR","Oracle Cloud"
"ğŸ‡°ğŸ‡· éŸ©å›½_11","ss","449","-1","129.154.58.92","KR","Oracle Cloud"
"ğŸ‡¸ğŸ‡¬ æ–°åŠ å¡_8","ss","449","-1","13.250.110.56","SG","Amazon.com"
"ğŸ‡°ğŸ‡· éŸ©å›½_12","ss","459","-1","132.226.20.150","KR","Oracle Cloud"
"ğŸ‡°ğŸ‡· éŸ©å›½_13","ss","475","-1","152.67.204.238","KR","Oracle Cloud"
"ğŸ‡°ğŸ‡· éŸ©å›½_14","ss","496","-1","13.124.203.141","KR","Amazon.com"
"ğŸ‡ºğŸ‡¸ ç¾å›½_4","tuic","500","-1","104.28.195.187","Cloudflare","Cloudflare Warp"
"ğŸ‡®ğŸ‡³ å°åº¦","ss","504","-1","2a09:bac1:36a0:18::2a7:16","Cloudflare","Cloudflare Warp"
"ğŸ‡¸ğŸ‡¬ æ–°åŠ å¡_9","ss","509","-1","13.212.36.13","SG","Amazon.com"
"ğŸ‡­ğŸ‡° é¦™æ¸¯_25","ss","510","-1","141.11.78.78","HK","Akile"
"ğŸ‡¹ğŸ‡¼ å°æ¹¾_4","ss","529","-1","1.162.141.68","TW","Chunghwa Telecom"
"ğŸ‡¹ğŸ‡¼ å°æ¹¾_5","ss","536","-1","1.162.141.68","TW","Chunghwa Telecom"
"ğŸ‡­ğŸ‡° é¦™æ¸¯_26","trojan","540","-1","89.185.27.173","HK","Hytron Network Services"
"â“ æœªçŸ¥_4","vless","545","-1","","UNKNOWN",""
"â“ æœªçŸ¥_5","vless","560","-1","","UNKNOWN",""
"ğŸ‡ºğŸ‡¸ ç¾å›½_5","vless","572","-1","192.9.138.241","US","Oracle Cloud"
"â“ æœªçŸ¥_6","ss","591","-1","","UNKNOWN",""
"ğŸ‡ºğŸ‡¸ ç¾å›½_6","ss","599","-1","45.33.51.25","US","Akamai Connected Cloud"
"ğŸ‡ºğŸ‡¸ ç¾å›½_7","ss","599","-1","50.116.2.174","US","Akamai Connected Cloud"
"ğŸ‡©ğŸ‡ª å¾·å›½_1","trojan","602","-1","52.29.101.57","DE","Amazon.com"
"ğŸ‡ºğŸ‡¸ ç¾å›½_8","ss","603","-1","45.33.51.25","US","Akamai Connected Cloud"
"ğŸ‡ºğŸ‡¸ ç¾å›½_9","ss","605","-1","45.33.51.190","US","Akamai Connected Cloud"
"ğŸ‡ºğŸ‡¸ ç¾å›½_10","ss","620","-1","50.116.2.174","US","Akamai Connected Cloud"
"ğŸ‡ºğŸ‡¸ ç¾å›½_11","ss","625","-1","45.33.63.93","US","Akamai Connected Cloud"
"ğŸ‡¯ğŸ‡µ æ—¥æœ¬_24","ss","629","-1","172.233.93.21","JP","Akamai Connected Cloud"
"â“ æœªçŸ¥_7","vless","631","-1","","UNKNOWN",""
"ğŸ‡ºğŸ‡¸ ç¾å›½_12","vless","631","-1","74.48.182.199","US","Multacom Corporation"
"ğŸ‡ºğŸ‡¸ ç¾å›½_13","vless","631","-1","2604:6600:0:71:216:3eff:fed5:71a6","US","Psychz Networks"
"ğŸ‡ºğŸ‡¸ ç¾å›½_14","vless","631","-1","74.48.182.199","US","Multacom Corporation"
"ğŸ‡©ğŸ‡ª å¾·å›½_2","trojan","640","-1","3.74.128.63","DE","Amazon.com"
"â“ æœªçŸ¥_8","trojan","641","-1","","UNKNOWN",""
"â“ æœªçŸ¥_9","ss","644","-1","","UNKNOWN",""
"â“ æœªçŸ¥_10","trojan","644","-1","","UNKNOWN",""
"ğŸ‡ºğŸ‡¸ ç¾å›½_15","ss","651","-1","38.75.136.21","US","GTHost"
"â“ æœªçŸ¥_11","ss","654","-1","","UNKNOWN",""
"ğŸ‡ºğŸ‡¸ ç¾å›½_16","ss","657","-1","141.148.135.205","US","Oracle Cloud"
"ğŸ‡ºğŸ‡¸ ç¾å›½_17","ss","659","-1","141.148.172.188","US","Oracle Cloud"
"ğŸ‡ºğŸ‡¸ ç¾å›½_18","ss","659","-1","129.146.53.62","US","Oracle Cloud"
"ğŸ‡©ğŸ‡ª å¾·å›½_3","vless","661","-1","157.230.20.98","DE","Digital Ocean"
"ğŸ‡ºğŸ‡¸ ç¾å›½_19","vless","671","-1","74.48.182.199","US","Multacom Corporation"
"â“ æœªçŸ¥_12","vless","673","-1","","UNKNOWN",""
"â“ æœªçŸ¥_13","vless","673","-1","","UNKNOWN",""
"ğŸ‡¸ğŸ‡ª ç‘å…¸","trojan","673","-1","13.51.123.222","SE","Amazon.com"
"ğŸ‡ºğŸ‡¸ ç¾å›½_20","vless","674","-1","23.105.199.136","US","IT7 Networks"
"ğŸ‡¬ğŸ‡§ è‹±å›½","ss","675","-1","132.145.51.110","GB","Oracle Cloud"
"ğŸ‡ºğŸ‡¸ ç¾å›½_21","ss","677","-1","38.75.136.21","US","GTHost"
"ğŸ‡ºğŸ‡¸ ç¾å›½_22","ss","681","-1","34.216.74.178","US","Amazon.com"
"ğŸ‡ºğŸ‡¸ ç¾å›½_23","vless","681","-1","74.48.182.199","US","Multacom Corporation"
"â“ æœªçŸ¥_14","vless","683","-1","","UNKNOWN",""
"ğŸ‡ºğŸ‡¸ ç¾å›½_24","vless","684","-1","2607:f130:0:f8:ff:ff:d72e:b9dc","US","Multacom Corporation"
"ğŸ‡ºğŸ‡¸ ç¾å›½_25","vless","685","-1","23.105.220.71","US","IT7 Networks"
"â“ æœªçŸ¥_15","vless","686","-1","","UNKNOWN",""
"ğŸ‡ºğŸ‡¸ ç¾å›½_26","vless","689","-1","104.28.195.187","Cloudflare","Cloudflare Warp"
"ğŸ‡ºğŸ‡¸ ç¾å›½_27","ss","692","-1","38.75.136.21","US","GTHost"
"ğŸ‡°ğŸ‡· éŸ©å›½_15","ss","692","-1","152.69.231.138","KR","Oracle Cloud"
"â“ æœªçŸ¥_16","ss","696","-1","","UNKNOWN",""
"ğŸ‡¯ğŸ‡µ æ—¥æœ¬_25","ss","704","-1","172.233.93.237","JP","Akamai Connected Cloud"
"â“ æœªçŸ¥_17","trojan","704","-1","","UNKNOWN",""
"â“ æœªçŸ¥_18","trojan","705","-1","","UNKNOWN",""
"â“ æœªçŸ¥_19","trojan","711","-1","","UNKNOWN",""
"ğŸ‡ºğŸ‡¸ ç¾å›½_28","vless","712","-1","152.67.249.123","US","Oracle Cloud"
"ğŸ‡ºğŸ‡¸ ç¾å›½_29","vless","714","-1","23.105.202.103","US","IT7 Networks"
"â“ æœªçŸ¥_20","vless","715","-1","","UNKNOWN",""
"â“ æœªçŸ¥_21","vless","718","-1","","UNKNOWN",""
"ğŸ‡®ğŸ‡ª çˆ±å°”å…°_1","ss","719","-1","194.26.213.31","IE","MVPS"
"ğŸ‡­ğŸ‡° é¦™æ¸¯_27","http","725","-1","47.76.46.9","HK","Alibaba"
"â“ æœªçŸ¥_22","vless","728","-1","","UNKNOWN",""
"ğŸ‡ºğŸ‡¸ ç¾å›½_30","ss","731","-1","34.215.84.62","US","Amazon.com"
"ğŸ‡¯ğŸ‡µ æ—¥æœ¬_26","trojan","739","-1","2400:8902::f03c:95ff:fe33:f225","JP","Akamai Connected Cloud"
"ğŸ‡©ğŸ‡ª å¾·å›½_4","ss","742","-1","109.176.202.144","DE","Ck IT Solutions"
"ğŸ‡®ğŸ‡ª çˆ±å°”å…°_2","trojan","742","-1","34.250.181.138","IE","Amazon.com"
"ğŸ‡ºğŸ‡¸ ç¾å›½_31","vless","748","-1","23.105.209.171","US","IT7 Networks"
"ğŸ‡ºğŸ‡¸ ç¾å›½_32","ss","749","-1","38.75.136.21","US","GTHost"
"â“ æœªçŸ¥_23","trojan","755","-1","","UNKNOWN",""
"â“ æœªçŸ¥_24","vless","764","-1","","UNKNOWN",""
"ğŸ‡©ğŸ‡ª å¾·å›½_5","vless","764","-1","2a02:6ea0:c792:0:a8e9:7dff:fe62:c3c6","DE","Datacamp"
"â“ æœªçŸ¥_25","vless","764","-1","","UNKNOWN",""
"ğŸ‡µğŸ‡¹ è‘¡è„ç‰™","ss","765","-1","185.231.233.205","PT","I4W - Web Solutions, Lda"
"â“ æœªçŸ¥_26","trojan","766","-1","","UNKNOWN",""
"ğŸ‡ºğŸ‡¸ ç¾å›½_33","vless","766","-1","74.48.182.199","US","Multacom Corporation"
"ğŸ‡ºğŸ‡¸ ç¾å›½_34","vless","766","-1","2001:19f0:6001:e56:5400:4ff:fe85:f2fb","US","Vultr"
"ğŸ‡ºğŸ‡¸ ç¾å›½_35","vless","766","-1","74.48.182.199","US","Multacom Corporation"
"â“ æœªçŸ¥_27","trojan","766","-1","","UNKNOWN",""
"ğŸ‡ºğŸ‡¸ ç¾å›½_36","vless","768","-1","2604:6600:0:71:216:3eff:fed5:71a6","US","Psychz Networks"
"â“ æœªçŸ¥_28","vless","769","-1","","UNKNOWN",""
"â“ æœªçŸ¥_29","vless","769","-1","","UNKNOWN",""
"ğŸ‡ºğŸ‡¸ ç¾å›½_37","vless","769","-1","23.105.199.136","US","IT7 Networks"
"â“ æœªçŸ¥_30","trojan","769","-1","","UNKNOWN",""
"â“ æœªçŸ¥_31","vless","770","-1","","UNKNOWN",""
"ğŸ‡ºğŸ‡¸ ç¾å›½_38","vless","773","-1","2001:19f0:6001:e56:5400:4ff:fe85:f2fb","US","Vultr"
"â“ æœªçŸ¥_32","vless","773","-1","","UNKNOWN",""
"â“ æœªçŸ¥_33","vless","773","-1","","UNKNOWN",""
"ğŸ‡ºğŸ‡¸ ç¾å›½_39","vless","773","-1","74.48.182.199","US","Multacom Corporation"
"ğŸ‡ºğŸ‡¸ ç¾å›½_40","vless","774","-1","74.48.182.199","US","Multacom Corporation"
"â“ æœªçŸ¥_34","vless","776","-1","","UNKNOWN",""
"â“ æœªçŸ¥_35","vless","776","-1","","UNKNOWN",""
"ğŸ‡ºğŸ‡¸ ç¾å›½_41","vless","777","-1","2607:f130:0:f8:ff:ff:d72e:b9dc","US","Multacom Corporation"
"ğŸ‡ºğŸ‡¸ ç¾å›½_42","vless","777","-1","74.48.182.199","US","Multacom Corporation"
"â“ æœªçŸ¥_36","vless","777","-1","","UNKNOWN",""
"â“ æœªçŸ¥_37","vless","777","-1","","UNKNOWN",""
"ğŸ‡ºğŸ‡¸ ç¾å›½_43","vless","777","-1","152.67.249.123","US","Oracle Cloud"
"â“ æœªçŸ¥_38","vless","778","-1","","UNKNOWN",""
"ğŸ‡ºğŸ‡¸ ç¾å›½_44","vless","778","-1","2604:6600:0:71:216:3eff:fed5:71a6","US","Psychz Networks"
"ğŸ‡ºğŸ‡¸ ç¾å›½_45","vless","778","-1","2604:6600:0:71:216:3eff:fed5:71a6","US","Psychz Networks"
"ğŸ‡ºğŸ‡¸ ç¾å›½_46","vless","779","-1","2604:6600:0:71:216:3eff:fed5:71a6","US","Psychz Networks"
"ğŸ‡ºğŸ‡¸ ç¾å›½_47","vless","780","-1","2604:6600:0:71:216:3eff:fed5:71a6","US","Psychz Networks"
"ğŸ‡ºğŸ‡¸ ç¾å›½_48","vless","781","-1","2001:19f0:6000:9c5b:5400:4ff:fed6:3a8f","US","Vultr"
"ğŸ‡ºğŸ‡¸ ç¾å›½_49","vless","782","-1","23.105.209.171","US","IT7 Networks"
"ğŸ‡ºğŸ‡¸ ç¾å›½_50","ss","782","-1","193.122.149.222","US","Oracle Cloud"
"â“ æœªçŸ¥_39","vless","783","-1","","UNKNOWN",""
"â“ æœªçŸ¥_40","vless","783","-1","","UNKNOWN",""
"ğŸ‡ºğŸ‡¸ ç¾å›½_51","vless","783","-1","2607:f130:0:f8:ff:ff:d72e:b9dc","US","Multacom Corporation"
"â“ æœªçŸ¥_41","vless","783","-1","","UNKNOWN",""
"ğŸ‡ºğŸ‡¸ ç¾å›½_52","vless","784","-1","23.105.209.171","US","IT7 Networks"
"ğŸ‡ºğŸ‡¸ ç¾å›½_53","vless","784","-1","152.67.249.123","US","Oracle Cloud"
"â“ æœªçŸ¥_42","vless","785","-1","","UNKNOWN",""
"â“ æœªçŸ¥_43","vless","785","-1","","UNKNOWN",""
"ğŸ‡ºğŸ‡¸ ç¾å›½_54","vless","785","-1","23.105.220.71","US","IT7 Networks"
"ğŸ‡ºğŸ‡¸ ç¾å›½_55","ss","786","-1","167.99.3.82","US","Digital Ocean"
"â“ æœªçŸ¥_44","vless","786","-1","","UNKNOWN",""
"ğŸ‡ºğŸ‡¸ ç¾å›½_56","vless","786","-1","23.105.209.171","US","IT7 Networks"
"ğŸ‡ºğŸ‡¸ ç¾å›½_57","vless","787","-1","2604:6600:0:71:216:3eff:fed5:71a6","US","Psychz Networks"
"ğŸ‡ºğŸ‡¸ ç¾å›½_58","vless","787","-1","23.105.199.136","US","IT7 Networks"
"â“ æœªçŸ¥_45","vless","788","-1","","UNKNOWN",""
"ğŸ‡ºğŸ‡¸ ç¾å›½_59","vless","788","-1","2607:f130:0:f8:ff:ff:d72e:b9dc","US","Multacom Corporation"
"ğŸ‡ºğŸ‡¸ ç¾å›½_60","vless","788","-1","2001:19f0:6001:e56:5400:4ff:fe85:f2fb","US","Vultr"
"â“ æœªçŸ¥_46","vless","789","-1","","UNKNOWN",""
"ğŸ‡ºğŸ‡¸ ç¾å›½_61","vless","789","-1","23.105.220.71","US","IT7 Networks"
"â“ æœªçŸ¥_47","vless","790","-1","","UNKNOWN",""
"â“ æœªçŸ¥_48","vless","790","-1","","UNKNOWN",""
"â“ æœªçŸ¥_49","vless","790","-1","","UNKNOWN",""
"ğŸ‡¨ğŸ‡¦ åŠ æ‹¿å¤§","ss","791","-1","137.184.162.14","CA","Digital Ocean"
"ğŸ‡ºğŸ‡¸ ç¾å›½_62","vless","791","-1","2001:19f0:6000:9c5b:5400:4ff:fed6:3a8f","US","Vultr"
"ğŸ‡ºğŸ‡¸ ç¾å›½_63","vless","791","-1","74.48.182.199","US","Multacom Corporation"
"ğŸ‡ºğŸ‡¸ ç¾å›½_64","vless","792","-1","23.105.199.136","US","IT7 Networks"
"â“ æœªçŸ¥_50","vless","792","-1","","UNKNOWN",""
"ğŸ‡ºğŸ‡¸ ç¾å›½_65","vless","792","-1","23.105.209.171","US","IT7 Networks"
"â“ æœªçŸ¥_51","trojan","793","-1","","UNKNOWN",""
"â“ æœªçŸ¥_52","vless","793","-1","","UNKNOWN",""
"â“ æœªçŸ¥_53","vless","793","-1","","UNKNOWN",""
"â“ æœªçŸ¥_54","vless","793","-1","","UNKNOWN",""
"â“ æœªçŸ¥_55","vless","794","-1","","UNKNOWN",""
"ğŸ‡ºğŸ‡¸ ç¾å›½_66","vless","794","-1","2001:19f0:6000:9c5b:5400:4ff:fed6:3a8f","US","Vultr"
"ğŸ‡ºğŸ‡¸ ç¾å›½_67","vless","794","-1","152.67.249.123","US","Oracle Cloud"
"â“ æœªçŸ¥_56","vless","795","-1","","UNKNOWN",""
"â“ æœªçŸ¥_57","vless","796","-1","","UNKNOWN",""
"ğŸ‡ºğŸ‡¸ ç¾å›½_68","vless","796","-1","2607:f130:0:f8:ff:ff:d72e:b9dc","US","Multacom Corporation"
"ğŸ‡ºğŸ‡¸ ç¾å›½_69","vless","796","-1","23.105.199.136","US","IT7 Networks"
"â“ æœªçŸ¥_58","vless","797","-1","","UNKNOWN",""
"â“ æœªçŸ¥_59","vless","797","-1","","UNKNOWN",""
"ğŸ‡ºğŸ‡¸ ç¾å›½_70","vless","797","-1","74.48.182.199","US","Multacom Corporation"
"â“ æœªçŸ¥_60","vless","798","-1","","UNKNOWN",""
"ğŸ‡ºğŸ‡¸ ç¾å›½_71","vless","798","-1","74.48.182.199","US","Multacom Corporation"